column_0,column_1,column_2
1,0.507268694229424,0.766
2,0.505984609015286,0.766
3,0.5020054168999195,0.76
4,0.49369678646326065,0.774
